{
    "cumulative_timesteps": 1000060,
    "cumulative_model_updates": 60,
    "policy_average_reward": 917.7213465900913,
    "epoch": 4,
    "ts_since_last_save": 1000060,
    "reward_running_stats": {
        "mean": [
            64.9028549194336
        ],
        "var": [
            936865.1875
        ],
        "shape": [
            1
        ],
        "count": 750
    }
}