{
    "cumulative_timesteps": 2000164,
    "cumulative_model_updates": 150,
    "policy_average_reward": 869.2167403371022,
    "epoch": 9,
    "ts_since_last_save": 1000104,
    "reward_running_stats": {
        "mean": [
            84.19682312011719
        ],
        "var": [
            26967302.0
        ],
        "shape": [
            1
        ],
        "count": 1500
    }
}