{
    "cumulative_timesteps": 307219820,
    "cumulative_model_updates": 27432,
    "policy_average_reward": 68842.9305877717,
    "epoch": 1527,
    "ts_since_last_save": 1000060,
    "reward_running_stats": {
        "mean": [
            8503.540401348579
        ],
        "var": [
            4944949062292.115
        ],
        "shape": [
            1
        ],
        "count": 230400
    }
}