{
    "cumulative_timesteps": 2400184,
    "cumulative_model_updates": 186,
    "policy_average_reward": 677.4274537893192,
    "epoch": 11,
    "ts_since_last_save": 400020,
    "reward_running_stats": {
        "mean": [
            78.41971588134766
        ],
        "var": [
            27398476.0
        ],
        "shape": [
            1
        ],
        "count": 1800
    }
}